,0
0,充满了穷途末路的气息。
1,的确在今年看，具有抚慰人心的力量，但也就抚慰了不到3分钟吧～
2,又挤又破的地铁，黄色的出租车，雄壮的布鲁克林大桥，哈德逊河上远眺万家灯火，曼哈顿的秋色，小酒吧里的爵士乐，这就是纽约啊。理想如果都实现了，那然后呢？你会继续问自己，人活着最重要是什么？不是爱，不是恨，不是痛，也不是成功与失败，而是感知，有些人把它看作是庸俗的生活，有人却认为它是活着的全部意义。两首歌太好听了，听完瞬间觉得生活美好了起来。
3,未必有所成才算活着，梦想也不是什么了不起的东西，只喜欢看天、走路、吃披萨的人生也很好。（皮克斯送给社畜社恐的一记摸头
4,理发师用剃刀也能救人危难，造型师用针线也会缝补梦想。枝头掉落的树叶，街头鼓起的排风，地铁里忙碌人群中的歌声，角落里饥肠辘辘时的披萨，当你爱上生活的一刻，就找到了激活生命的火花。原来每天有那么多灵魂经历个体的锤炼，性格的塑造，奋力冲向地球。也会有无数灵魂被生活压垮，迷失进漠漠荒野。
5,"一部极有可能拿到奥斯卡最佳动画长片/最佳原创配乐的电影；
一部迪士尼皮克斯近乎满分的作品；
一个出品23部长篇动画电影，拿下10个奥斯卡奖杯的工作室；
排片2%"
6,3.5。凡尔赛动画，男主体验了得尝所愿，享受了人生巅峰，回头规劝大家平平淡淡才是真，能活着就是美好。？？？
7,我们不是平庸的在活着，我们从生下来的那一刻，就已经有了意义，而那意义就是，珍惜当下的每一刻
8,“灵魂不会被压垮，压垮你的是生活啊。”三十岁的社畜看的内心澎湃，但为了维持成年人的体面又要在黑暗的影院里哭的默不作声。22迷失后，黑暗内里一句句话砸过来“你做不到”“找不到火花”“这不是目标，这是平庸的生活”和抑郁症发病的自我攻击好像…戳的我好久没缓过来。沉入心流和陷入执念只有一线之隔的设定好赞，基金经理被黑的又搞笑又辛酸XD～但故事和人物塑造还是比《寻梦》的完成度差一点点。
9,一部“圣诞（半）福音”动画，和《生活真美好》拥有同个内核，算档期应景了。当然片中的“生之来处”并非是传统意义上基督教的“天堂”，而是来自宇宙高纬度的“量子空间”，甚至只要忘我就可以投魂而入，倒是接近于“天人合一之际”的概念。千年的厌世灵魂在世间走一遭，体会到了生活的乐趣；世俗意义上过着无趣日子的“音乐打工人”也在变换人生的反观后，意识到生活的本质不是苦追目标而是“活在当下”。两个故事都挺暖心，同时也稍显保守，后半段“美式畅销生活哲学”的气息扑面。不过“在世”也确实应如此， “寄蜉蝣于天地，渺沧海之一粟。哀吾生之须臾，羡长江之无穷。挟飞仙以遨游，抱明月而长终。”一生的光阴就在每一瞬，我们与世界的关系很多时候是“时隐时现”的，隐时如风吹过，现时啃个披萨，没有目标就是目标，没有意义也是意义。
10,因为Disney+Pixar这样的存在 才使我对现代动画充满向往  我不仅向往那每一帧的画面 更向往那群创造奇迹的地方 
11,我他妈 真也没想到能这么好
12,皮克斯献给“打工人”的年度治愈之作，这才是真正适合圣诞节和年底看的心灵大片。如果让我选一部电影跨年，我会推荐《soul》，它不但让我想要珍惜那些生命中的小美好，更是让我想要感谢那些生命中照亮过我的人和事。以及不得不说，音乐太适合灵魂这个主题了，全片的音乐太动人了。
13,3.5.几乎是靠音乐撑到最后的，年度OST逃不掉。内容也很有趣，会让我想起《寻梦环游记》，都是经历死亡之后找寻真心和真自我的故事。惊喜没太多，就动画做的很讨喜。这片让我想起当年大银幕刷《爱乐之城》的狂喜，大陆上院线希望能刷一次IMAX。
14,你以为所有的故事都被讲完了，皮克斯给你讲一个所有元素都见过但前所未有的故事。终于梦想和目标都不再重要，feel it
15,"一个人坐在电影院的后排小声哭泣。
今年就要过去了，
我依然没有拿到地球的通行证。"
16,"后劲好强一电影。真·催泪神片不是让你当场落泪，而是看完电影时时想起，时时落泪。
看预告以为电影是《寻梦环游记》+《头脑特工队》，事实证明皮克斯这次依旧有新意！脑洞与笑点兼备，灵魂们萌到尖叫，“人生的意义究竟是什么”，对此抱有疑惑的人，一定会在观影后找到自己的答案。
相比“老少咸宜”，它更像是献给成年人的一剂治愈药。没有任何说教，而是用温柔细腻的触角，一点点托起你心底的共鸣。小心了，走出电影院，或许你看待世界的方式，会有所不同。"
17,电影好残酷，都说应学会放下，但倘若从未得到过，又有什么资格说不想要？有机会挑拣快乐的人都是曾爬上巅峰看过风景的人，而平凡如我们，只能将脚下俯首即是的通通当作快乐，欺骗自己生命已足够美好。决定笑着告别，将生命拱手相让，不是爱的传递，而是心已死、梦已碎。一部纯粹的情绪电影：如果得到了，再多表达一点都会破坏这种得到；如果没有得到，不会寻找原因，只会感到遗憾。
18,《头脑特工队》关于情绪，《心灵奇旅》关于性格与灵魂，皮克斯已经不屑于讲述简单“物”的故事，而是用最直接形象的方式拉开生活哲学命题，那是得经历了怎样的人生才能捕捉到的细节，完美幻化在作品里。执念的灵魂在忘我之境无去无从，而“我会享受活在当下的每一分钟”。
19,D＋ / 开头被一些时刻的画风惊艳了一下之后就没有然后了（这些闪光只是一些单纯的“奇幻”）。好像是第一次感觉皮克斯被设定给束缚住了。一方面，灵魂学院已经给出了如百科全书般的再生产逻辑；另一方面，在这个系统里的glitch又极其幼稚（试对比《无敌破坏王》中系统崩溃的实质性灾难）。影片在给出这一组二元对立之后，仿佛全然未考虑这背后同样封闭的世界观，甚至还在庸常的奇葩说式对比里兜兜转转了大半程，才引向生活感知这一似乎能够打开些罅隙的论题——但实际上光靠那中后段的那几处功能性的补充根本撑不起这种大跨度高强度的解域构想。最终只能继续用这种文本上的设定操纵人物转折修复系统来达成欣欣然的结尾，着实兴味寡然……到头来更像是为了一些作画小点子搞出来的鸡汤大杂烩。
20,那些可以深刻在记忆中的生命碎片，就是你人生的全部意义啊！不是每个人都能成为伟人，但普通的一生仍弥足珍贵。生而为人，莫留遗憾。这是一部属于普通人、属于你我的励志片。仍然保持了适度的有趣，以及戳心式的感动。虽然没有《头脑特工队》那么戳我，但彼特·道格特仍然非常强。尤其是，太擅长这种走心的故事了。虽然总是有点鸡汤，但还是很好看，厉害。
21,感谢盗梦的提前观影。独特不媚俗的故事，献给思考者和自省者。世界观设计延续inside out和coco的惊艳，故事在传统技巧和克制走心之间寻找平衡，个人感受并不煽情，毕竟这对主角的人物关系没有家庭或情人、隐性情人的普世化支撑， 还用了荣格和美钞这种梗做笑点，可能对市场不是太讨喜
22,"“灵魂”，听起来就很难拍，“人生”，听起来就很俗气，但皮克斯就是有此般魔力，把抽象概念表现得幽默易懂、把世间之情表达得深刻动人。
是啊，屈服于现实又如何？不甘于平凡又如何？当黑白的琴键化为Joe毕生的彼岸，当美味的披萨点燃22心中的火花，当自创的奖杯满足Terry可笑的偏执，当珍藏的西服装扮母亲少有的骄傲，终将有那么一些瞬间，让我们觉得不枉此行，足矣。
而Joe思考人生的桥段，也正在那一瞬，成为我，作为影迷，始终追寻的火花。"
23,真的真的不必觉得排片少，目前口碑扩散还需要时间，中国的电影市场只是反应有延迟，晴雅集那股粉丝劲一过，就是这片翻盘之时，作为院线工作者很淡定地告诉大家，这片子不是不爆，只是时候未到。票房反超晴雅集甚至屠榜仅仅时间问题而已，毕竟有太多优秀动画片都是长线放映一两个月。
24,"虽也套着“梦想、成长、亲情、人生”等诸多易流于大词的外衣，但皮克斯以不竭的想象力和繁盛的创造力，再次定义其工业标杆的当之无愧，某些场景几乎与实景无异。

开场貌似平平无奇（差点以为又要讲一个流俗治愈故事），突然拐入生死临界的中阴区，目标未竟拒去彼岸，踏入生前灵魂聚集地，原来每个独特灵魂是这般批量训导出来的，唯有一颗不羁的千年老魂灵拒绝去往那百无聊赖的生地，共同演绎一出寻求生命奥义与终极火花的跨界悲喜剧，在红尘中感受生的愉悦和希望的不灭。

配乐甚好，凝神进入“忘我之境”；金句频出——“灵魂不会击垮你，只有生活才会。”笑点与泪点都掐得很准，含猫量十足，一部特别适合年底收尾的片——“珍惜当下的每一刻”。"
25,格外理解二十二。小时候被名人励志，长大才发现那真是一种无垠的压力，万里挑一的人以巨大的差距提醒你越来越是个失败者，你永远不够好。但观星赏月，听虫嗅花，也是人生最无用又最有用的修行，生活过得越来越糟心，不贪这星星点点的美好，撑一撑，顶一顶，我们这些庸碌之辈，早该熄灭了吧。颓败了一整年，我太感激这部温热的电影了，依然有绝佳的想象力供人移情，真想陪他们，在忘我或迷失时，哭哭啼啼一回。活着真的很不如意，但还能活着，真的很幸运。能跟所爱之人来看，也很幸运。影院这低排片真是叫人不齿。
26,"#LFF2020 / 加入2D元素，毕加索风格的Jerrys,震撼的Great Beyond世界，色调温柔舒适的Great Before世界，让人听到入迷的爵士乐， 以及带有对“灵魂”与“存在”哲学性思考的内核; 画面音乐剧情都将近完美，艺术风格抽象但又充满力量。      皮克斯在成立将近35年后又登上了一个新的台阶😭"
27,未必有所成才算活着，梦想也不是什么了不起的东西，只喜欢看天、走路、吃披萨的人生也很好。（皮克斯送给社畜社恐的一记摸头
28,看完没有被鸡汤到 反而失落的很 我热爱生命 敬畏自然 保持一双发现美与善的眼睛 我的家人爱我 朋友支持我 我特别健忘什么事情都不记得 我不控制食欲想吃什么就马上吃 可是我都觉得活着好不开心啊 没有“火花” 没有梦想 没有热爱 没有一技之长 赤裸地来赤裸地去 又何苦非要白白走这一遭呢 
29,"#LFF2020# 4
和灵魂乐的关系算是点到为止。有点失望。"
30,"高纳终于实现了梦想，但他突然发现，他追求了一辈子的东西并不是他想象中那么高大上。
他突然发现，他为了他的爵士梦，错过了太多太多。
他错过了和母亲相处的机会，错过了丽莎……错过了除了爵士之外的一切。
很多电影都是给我们灌输成功学、心灵鸡汤，讲述主角努力追求梦想，最后就实现了梦想。
仿佛在说，只要你努力就能成功，如果你没成功，就说明你还不够努力。
皮克斯却告诉我们，并不是一定要有多么伟大的成就才算活着，就算没有成功又怎样呢？恰恰相反，一味追求成功而忘记了享受生活，这才是最遗憾的。
无论是看天空、走路，还是和家人相处、和爱人看海……只要你用心去感受，这些微不足道的事情其实都十分精彩而美好。
生活的真谛不是什么宏伟的梦想，恰恰就是那些生活中平凡的小事。
追求梦想是最不重要的，看天空、走路、吃披萨才是正事！"
31,惟江上之清风，与山间之明月，耳得之而为声，目遇之而成色。取之无禁，用之不竭。是造物者之无尽藏也，而吾与子之所共适。
32,把晴雅集的排片多给些soul不行吗 
33,比《头脑特工队》更加成人化，将冒险置于现实世界而非抽象空间是和前作最根本的区别，也是这一部为何显得更“高级”（关于日常生活的现实主义动画）的同时牺牲了一部分观赏趣味性（好莱坞动画常规的笑料、煽情）的原因之一：情感高潮蒙太奇的落脚点在于观众和角色共同经历的平凡且琐碎时光（走路、坐地铁、吃披萨、理发等等），打破对理想的热情追求这一虚设主题，从而制造主题的反转和拔高。
34,No. 
35,当树叶落入男主手心，我和主人公一起顿悟：原来生活本身就是幸福。当我们渴望大海，却忘记了我们一直身处海中央。无需台词，甚至无需配乐，几个闪回镜头足以扣人心弦。《寻梦环游记》用音乐找回亲情，而《心灵奇旅》用音乐拥抱生活，拥抱真实的人生。
36,我听过关于一条鱼的故事。小鱼游到一条老鱼的旁边说：“我要找到他们称之为大海的东西”。“大海？” 老鱼问：“你现在就在大海里啊。” “这儿？” 小鱼说：“这儿是水，我想要的是大海。” 目标不是人生的spark，生活本身才是。看完此片，关掉电脑，所有曾经拥有的Spark，纷纷涌上心头。
37,继寻梦环游记后又一部探讨人的来处和去处的电影，the Great B4场景和人设很梦幻Q弹。皮克斯第一部以黑人为主角的动画，对爵士乐不是太懂，有一定文化理解门槛。变猫之后的习惯性动作细节很可爱，舔菊花、晒太阳等等。有点虎头蛇尾，结尾要是男主和22还能再次相遇就好了（知道很俗套
38,年纪大了 看电影真的很容易哭
39,3.7星。30+社畜必看成人向动画。1.皮克斯再度将一个名词生动拟人化，这个词在咱中国叫做----投胎。2.虽然不是每个人都有波澜壮阔的人生，但你可以拥有平凡却不平淡的生活。3.人生的真谛不仅只有目标，更重要的是“感受，体验和交流”。4.每个（东北）成年人都会在某一刻问自己这样一个问题：我是怎么变成今天这熊样儿的？5.总觉得哪里差了点意思，可能少了一个让观众宣泄情感的煽情点，类似《寻梦环游记》里被家人遗忘而消失的人或是《头脑特工队》里的bingbong这种设置。
40,不再执着于讲煽情故事的皮克斯，居然直接拍出了一部礼赞平凡生活的essay film，这毫无疑问是皮克斯自Wall-E以来最大的一次自我突破。恶意揣测Peter Docter一定很讨厌《爆裂鼓手》才拍了这片
41,反向励志的心灵鸡汤，生命不是一场竞赛，活着的意义在于活着本身。22的落点好像是印度还是中国...（地狱难度啊，提前心疼一波）
42,2020年的末尾，终于体会到了久违的温暖与柔软。皮克斯的两面，平凡世界的幻想，幻想世界的平凡，将成年人的烦恼在童真中抚慰，将孩子们的欢笑在成长中丰满。一颗对生命毫无激情的纯真种子，聪慧却脆弱，在从零开始的直觉体会下逐渐向往活着的真切，一个迎来生命转机的倒霉男人，执着却迷茫，从满怀目标出发的主观能动后步步卸下包袱的放空，灵魂在这其中流淌生成，那是对生活的敬爱、接纳和珍重。那么事实呢，这糟糕的一年似乎早已不允许这种天真的童话存在，异世界中的精灵们亦如这世界的每一个人那般有着七情六欲，“人”的乐与悲，从未在这部作品中超脱，到头来，生活空前的艰辛，看淡一切的日子那样遥不可及。总不能放弃希望和梦吧，摆脱泥潭，大家也迎来了又一次新生，皮克斯将那份坚守的理想主义与乐观主义，以善良和浪漫之名，化作尘世福音。
43,看完电影走出电影院，感觉像经历了一场心灵SPA，突然觉得生命赋予我们的一切都是那么的美好伟大，想重新学着去感受生活，享受当下的一切。这就是一部电影可以带给我们的惊喜，又一次感受到了电影的魔力！
44,好不容易想活了，还投胎到中国/印度，何苦呢。
45,迪士尼+皮克斯，年度最佳动画来了！老少咸宜的情节设计，但在绝妙的创意加持下又处处显新意！全程激发大家思索究竟该如何生活，也为每个负累的心灵疗伤。如果人在未出世前有选择权利，可能有人会像22选择从未出生，以来逃避生命的低质量与无意义，但那样便永远无缘领受一片落叶在空中旋转出的炫目舞蹈。也或像Joe坚信人应为某种终极目标和理想生活，殊不知生活本身才是我们的全部。故事中的角色，没有一个能说清生活的真相，每一种生活方式都在给予旁人启发。生死之间，我们无法选择太多，但可以选择真实地对待生活，每时每刻。值得电影院~
46,在LFF。好像充满玄学但其实没说什么的故事，结论就是即使你找到了梦想工作其实还是一个社畜，没办法只能好好活着咯（x但还是赚足我眼泪。槭树果实飞落的那些秋天街头瞬间，22和妈妈对话瞬间，就像是我，突然想家。btw Jerry和Terry要是毕加索活着不会搞侵权吗……？
47,良心制作不受国内青睐，排片不足某商业垃圾十分之一，是造了什么孽和郭敬明同一天上映？
48,《心灵奇旅》虽然有奇幻和高概念的外壳，但内在无疑是一部纽约电影。是关于大城市的故事，它充斥着城市的喧闹和喇叭声，又带你从另一个角度体验城市的美好。理发店、披萨、百吉饼、路边的歌手、拥挤的地铁，甚至公园中的那一片落叶，我们习以为常，甚至已经厌倦的东西，换个角度在电影中出现，便会有魔力般变得如此美好。它可以具体到某个路口，某个街角，和你居住在其中的体验如此相似和真实。这样的感受，在伍迪·艾伦的作品里有，但在动画里却很少出现。当动画可以再造任何场景时，皮克斯怀念的却是一个真实的纽约，这才是情怀吧。也不禁让人想到，我们是否也有上海城市电影或者北京城市电影呢？目前来看，唯一比较接近的，就只有《春风沉醉的夜晚》里的南京吧。
49,皮克斯的动画从来没让人失望过，不管你抱着多大的期待去看，都一定会超出预期，除了一贯丰富的想象力，《心灵奇旅》更大的看点，是反传统追求梦想和理想主题，去思考自己如何读懂和看清自己，影片用了任务式展开剧情带出的闲笔，在反高潮戏份中带出主题。人活着是为了梦想吗，为了人生目标吗，为了赢得别人更多的掌声吗，还是为了更能触摸自己灵魂，和自己来一次灵魂出窍的探索，去体会自己在世界中存在的意义，或没有意义，只是为了活得更真实。
50,太好哭了！此片献给悲惨的2020，也献给所有热爱过生活又对生活失望过的朋友！如果说灵魂世界概念的设定是A级，那么最后一波波关于生活中那些曾活过，曾绽放过的花火细节的情感冲击绝对是S级的！一定要去影院看，看完感觉自己又可以与残酷的人生再战500年！
51,即使整个剧本都是套路，但还是被这碗鸡汤给打动，因为感动是一种本能，就像活着，拥有意识——如此富足地被给予这整个世界，是如此轻而易举跳脱了所有关于自杀的哲学讨论。
52,看哭了。所有人都在教你做人，所有事都在找寻意义，所有道路都要通往一个目标，所有标签都在试图定义你，只有皮克斯在告诉你，梦想不重要，意义不重要，庸庸碌碌或是功成名就都不重要。宇宙太大，地球太小；梦想太重，生命太轻。李安说，我已经见过大海了，我不能假装没有见过。但是这部动画片告诉你，如果你还没见过大海，去见见看吧，或许还不错；但你不想见的话，家门口的小溪其实也很美。2020年末，皮克斯用一部动画疗愈所有人，摸摸大家的头，说你们这些还没有找到Spark的人呐，你们都辛苦了，努力很重要，但是不加油也没关系哦，切勿贪图意义，存在即是风景。
53,说是2020最佳电影亦不为过。本以为是与人物形象类似，轻快而柔软的电影，逐渐展露出的内核却更具深度与力道。能因一部电影同时收获爆笑与热泪，《心灵奇旅》以一片落叶，成功奏鸣我心底失音的琴弦。
54,每个人都在平庸地活着，为何一定有目标才能有火花？皮克斯认真起来从来没有让人失望过，这次他们又打开脑洞，通过一个音乐老师濒死灵魂出窍的点子，来探讨灵魂的本质与生命的意义。简洁的画风加上自在的幽默，一个死后的魂灵世界便奇妙地出现在眼前，在一系列兜兜转转的冒险之后，又能给你会心一击，让眼泪在眼眶里打转。 
55,觉得下一秒就要进入一种也是很棒的俗套时，立马转向更棒的角度，2次。我觉得我们拍不出这样的电影，甚至连这样带有强烈人文关怀的文本都写不出来（不能面世）。看得心情舒畅，有所释怀。
56,揽获多项奥斯卡提名（包括最佳影片）几乎是必然的事。除了每年都在精进、不断拓展动画影像可能性的视觉效果，皮特·道格特延续了他卓尔不群的剧作，将天马行空的想象力和存在主义哲学融入流畅的叙事中，同时借用灵魂意象调动身体、感官、性别乃至跨物种的友情想象，探讨fate/destiny、being/becoming之间的细微区别与内在联结。这是一部关于激情的电影，除了对纽约市和爵士乐的款款深情，还有对动画电影制作机制的多次自指：影片最震撼的段落之一莫过于Joe初次坠入Great Beyond时由黑白线条勾勒的场景——它成功还原了动画电影创作者将想象力付诸实践的过程。毋庸置疑的是，《心灵奇旅》将是新世纪以来最伟大的动画电影之一，圣诞首映日（我不知道是否与圣诞有关）大陆院线的排片是对这部电影的无耻羞辱。
57,很工整的故事，说教还是明显了些
58,生命中的火花不一定是你的天赋 不一定是你的人生目标 但一定是那些可能别人看起来微不足道 却让你发出“哇~活着真好~”的那些小瞬间
59,有一种为了讲这么一个活在当下的主题，硬设计了这么一个故事的感觉。创意可以，但故事略硬，整体都跟寻梦的发展路线很像，后半部分却没有推上去，虎头蛇尾。人物转变生硬，有种想模仿寻梦却没仿成功的感觉。电影里这个所谓的活在当下，其实有点假大空，就好像追逐目标就一定会迷失，珍惜每一天的分分秒秒随时感受细节才是活着。但是其实生活本身没那么简单，感受分分秒秒的也可能是享乐主义？追逐目标的人也不一定就是那个不识大海的鱼？看电影的时候觉得仿佛是对的，回头一想就不是那么相信了
60,看片尾一串的lightning artist……印象很深的一幕是全职信上透明塑料隔膜上反射的光影给人的强烈真实感，而萨克斯上的流金浮动则几近炫技了。
61,2020这样的一年，这片子来的太晚了！
62,这是关于我们这个时代的，又一位大师笔下的纽约，远比《曼哈顿》《弗朗西斯哈》更瑰丽奇绝
63,No! 差《头脑特工队》一大截。
64,在一切变好之前，我们总要经历一些不开心的日子，这段日子也许很长，也许只是一觉醒来。有时候，选择快乐，更需要勇气。
65,由《头脑特工队》作为灵感、并拓展补充的性格重塑与生活启示，延续《寻梦环游记》对死亡等更多深刻话题的普及教育，再来点《善地》的即视感，本以为最多就是部“集大成之作”，工业用最娴熟的功夫来拼贴。但看完之后却没有犹豫地想要给出今年第一个电影五星，它塑造了更为迷人的故事世界，抛出了更为深刻的“哲学”问题，还有佐以菲姐的绝佳配音，几乎占齐了所有击中了我的点。2020年彼此之间最平凡却又最难能可贵的寄语是“好好活着、珍惜生命”，去重新拾起那些或许在“正常生活”被遗忘的美好，并选择将危机后作为一场重新开始...属于今年的启示都在Joe和22的故事找到了。真正的Movie of the year.
66,年度动画片，皮克斯又一部纯熟与创意兼具的佳作。将爵士乐与心灵成长相结合，对心理意识的呈现似[头脑特工队]变奏，对生前死后之过渡边界的着力上承[寻梦环游记]，而本片的冒险历练主要在现实社会中展开，尤其强调琐碎生活中的【当下感知】，一如面包、秋叶与抚触脚边的海水，一如俩主角通过猫的中介达成身体互换，如孩童般初次体验并专注于全新的感知方式（人生成猫；几千年看遍世人的厌世之魂“下凡”初尝鲜活感知之流则同质于[柏林苍穹下]），出体与错位既使两人重新观照自我，交互成长，又予人足够笑料。皮克斯对抽象风格的融贯与将概念具象化、空间化的能力无与伦比：量子世界与洪荒宇宙叠交的生之来处与生之彼岸，毕加索风自如流变的异界管理者和拟态成冷抽象画的计算追猎者，忘我之境里的出神之灵与因过分执着而迷失的怪兽化灵体。（8.8/10）
67,赶紧多排片，把郭小四这种鸡贼劣币赶出去。这才是好片！
68,22号投胎到了川西，成了丁真。
69,一念成灵，一念成执。成灵忘我，成执无我。无我之境，生不若死。忘我之境，死亦犹生。
70,和人生的死磕与和人生的和解 难得的统一了 这是每个中年人的必修课。在今年在当下，尤其可贵。
71,火花是在你想要生活的瞬间产生的，而不是目标 
72,因为有了那段轻盈而曼妙的蒙太奇，《心灵奇旅》可以视为一部关于存在的电影。落叶—城市—地球—银河，影像起落，境界飞升。此段蒙太奇的魔力堪比是枝裕和的《奇迹》，对于观众而言，这也是“生之来处”。乔误以为音乐梦想是生活的出口，其实只是一个借口，一场宏大的幻觉，远不及一片握在手中的落叶，一段讨生活的艺人在地铁中弹奏的旋律，更加值得珍视。生命的意义是什么？如此厚重的叩问，被皮克斯轻轻点破。
73,皮克斯果然不会让人失望，今年最治愈的电影，社畜的暖心良药，比一万句鸡汤还顶用，也推荐给所有焦虑和抑郁的人们，人生不需要追求意义，活着就是最大的意义。
74,有套路，也有一些反套路：比如在人物设定上，走审丑路线，故意给每个角色一张肥嘟嘟的脸，你敢歧视胖子，那就让每个人都变成你讨厌的样子。再比如一般这种电影里的主角，要么疯狂开挂要么奇妙冒险，但本片男主摔了一跤就死了。是的，死有时候就是这样简单且没有道理。人生是一场漫长的旅途，该怎样才能笑着走到终点呢？如果你时常找不到北，或者欲望缠身，记得来看这部电影，答案也许就在其中。
75,谢谢你皮克斯。（特别像教会资助拍的电影
76,现在的动画和真人电影的观感体验越来越接近了，一是因为制作的细腻程度到了只要把动画人物换成真实人物，估计就能当真人电影看了；二是影片的拍摄手法和表达的主题非常成人化，影片中的冲突和焦虑是成人化的，包括那个还未投胎的1000岁的老灵魂。所以作为成年人观影，还是很容易被触动的。这一段心灵奇旅其实是自我发现和认可之旅。人生本无意义，但美好的体验仍值得我们热情的活着。影片的结尾稍显突兀，也足够开放，想想这样也好，否则又让主人公落入一个找到奋斗的目标然后乏味的死循环。这部片很适合自己去看，毕竟心灵之旅通常都是自己走，可以有空间慢慢体会。
77,比较像《It’s a wonderful life》的简化版，设定铺得很满，情感内核一泡污，最后的bonus life毫无意义。当某Jerry说出“火花不等于人生目的”的时候，“soul”的概念就变成灌输性质了，诺兰看了想流泪 with yy
78,一曲献给平凡废柴如你我的抚慰诗，你并不是非得有所成就又或是锁定了灵魂目标，才能追寻无意义的生命的意义。原来，有时候天赋也是一种诅咒，沉迷才是真正的迷失，自卑始终是灵魂最深的缺陷
79,天啦这片子 泪点低的我几乎每分每秒都想落泪 就是被里面那种隐隐的气息打动 能享受每一刻的活着真是太好了
80,满分之作，精彩绝伦，创意与技术的绝对领先！技术是手段，内核才添神韵。琴键之上，探讨何谓灵魂与存在，探讨何谓生之意义。一部适合所有年龄段观众的佳作～
81,感觉被灌了一碗毒鸡汤，汤里隐隐还有一丝丧的气息？看评论感觉我们看的不是一个片子，什么泪点反套路醍醐灌顶一丝都没有感受到，只能算作一个还不错的爆米花电影，大概人类的悲喜本不相通吧…
82,比Inside Out又上了一个台阶。不仅有卖萌有搞笑，也有温情感动。它有音乐，但并不是在讲音乐梦想，而是在讲一种人生哲学: It’s ok to be nobody.生活的意义不是成为人上人，只要过好每一天，再平常的事也很美好。这种充满人性关怀的信息对当今焦虑疲惫的社会人来说是极大的安慰，这也是皮克斯除了技术以外能傲世动画行业的一个重要因素。
83,我的年度Top3 终于出现了 皮克斯真的是脑洞大王 把“艺术的忘我时刻”与“灵魂”这么有趣可爱地表达展现了出来 …片中指的人在从事自己热爱的事物的时候 会有一种“忘我”状态 我目前肯定是绘画 🎨就是你在做这件事时 快感是真正地投入并忘我 而不是获得奖杯 荣誉 和名次以及物质的满足 这种“时刻”并不是每个人都拥有 而这部动画更升华的部分是 它展现了这世上除了拥有这些艺术天份之外的普通人 即使他们也许没有一个特定的爱好 但只要真切地感受着生命的每个瞬间 也是富有“爵士精神”的 …全片大量的Jazz BGM 对于爵士迷来说 太爽了！PS 里面那只胖猫太像我家菠萝了 以及各种我爱的纽约细节 看完想立刻吃一份薄底披萨🍕！
84,让没有purpose的我们存在吧，谢谢。
85,Listen to Soul. But listen to the soul. 22发现生活的那一刻，电影缓缓抽离配乐而进入了真空状态，第四维度的大门在银幕上敞开，周围人的呼吸声、啜泣声都被电影里弥散出的幸福的气息所填满。皮克斯深谙普世的、永不过时的表达的奥秘，但它同时又总以极其私密的方式触及我，Joe对着22收集的东西演奏时，我的眼泪先他一秒夺眶而出——so I zoned out with him. 
86,虚像，非幻象，更非幻觉。
87,一看就是冲击奥斯卡最佳动画/最佳原创音乐的架势，非常适合琴童家长看，走路晒太阳看星星也可以是灵魂的意义所在
88,也不是特別好，挺老套的，但當Joe把棒糖、披薩邊、線圈、碎麵包和黃葉在鋼琴上一字排開的時候，突然就哭得稀裡嘩啦。生活不是一個目標，生活是每一分鐘。
89,皮克斯又写了一篇“反好莱坞精神传统”甚至“整个美国精神传统”的心理学小论文，论题并不见得精深却总是捡起被成人遗落在精神角落的本质放在手心，一瞬的回响或者久久的回味。
90,梦想固然可贵，然而体验生活里那些微小的琐碎欢愉或许才真正让我们在这艰辛颠沛的世界得到安放。普通人也有自己活下去伟大的意义。
91,在丧到不行的2020，看到这样一部走心的动画，皮克斯真的是用心良苦。没有猛灌心灵鸡汤，而是建造一个物质与精神交汇的世界，用美好去化解痛苦，用冒险去感知生活。只为告诉我们：人生的意义，不在于成就和目标，在于活在当下，酸甜苦辣，柴米油盐酱醋茶，这一切才能构造一个完整的灵魂。从根本去治愈心灵，改变观众感受世界的方式，皮克斯真的牛逼！
92,后劲太大了，看的时候还好，走路回去一路爆哭。
93,带给我的感动没有头脑特工队那么强，但已经是十分优秀的动画片了。创意创意创意。
94,苏格拉底说，未经审视的人生不值得一过，只是多少人活到了头也没来得及咂摸一下自己的人生？成不成功没那么重要，重要的是活在当下的每一刻，看一片叶子落下，吃一颗棒棒糖，哪怕只是简单地走在路上，千万别为了寻找大海的目标，忘了早已身在大海的事实。生活不过是此时此地此身。
95,略失望，心灵学院依然是把情绪机械化、生理标签化的一种粗暴设定，几乎就是在炒头脑特工队的冷饭，音乐梦想+亡灵第二世界的交织感又不及寻梦，最有趣的反而是人猫互换了，但这段的驱动来源于喜剧中常见的错位效果，跟核心设定亡灵音乐均无关系，由此感觉主创对核心设定也并无信心，不然哪需要加这段啊！
96,"亲爱的，不要听什么诸子百家
不要管什么希腊三贤，不要想什么存在与虚无，生存与毁灭……
好好活就是有意义
有意义就是好好活
亲爱的，爱就是我们的生命"
97,从不抗拒建立在说教之上的主旨，踏实平稳的叙事总能让立意如同指挥棒，引领类型人物完成既定的协奏曲，无论是私密情感的流淌，还是对生命历程的回望，都是一种义无反顾的普世价值铺展，这就是皮克斯的电影观。结局的圆满或许是缺憾，但幕布迅速拉下，留下观众怀抱着对生活的热忱与信心继续前行。
98,比想象力，皮克斯从没输过
99,开头五分钟很常规，然后…然后…再然后…再然后…不断把人置于惊喜当中，在两种截然不同的美术风格之间不停跃动，创造出一种音乐性，也显示出皮克斯不竭的创造力和想象力。一个是需要目标的灵魂，一个是需要肉体的目标，二者相互扶助成全，某些瞬间还是蛮让人动容。黑人和女性地位凸显，但又没有太被强调出来，各方面平衡性做得很好。令人遗憾的是中段有点太碎，结尾又太圆满，既然成人路线都走成这样儿了，那就不如再干脆利落一点吧？（这个团队为啥对中阴那么感兴趣）
100,5.5/10。给大城市打工人的美式快餐，喜欢里面对城市细节的打磨。不喜欢灵魂世界那种《今夕何夕》式画风，在儿童与成人间反复横跳，主要还是太难看了，不能学一下汤浅政明今石洋之那种脑洞吗？中间差点睡着，尤其是进入猫身体那部分，差点变成流浪猫鲍勃。整体像无聊版的《爱乐之城》，想知道达米恩·查泽雷看完怎么想。（我怀念那个总动员时期引领潮流的皮克斯，而不是现在头脑特工队、coco、½的魔法、soul这样靠一点小创意一点感伤一点小成长的一碗碗流水线鸡汤）
101,也不是特別好，挺老套的，但當Joe把棒糖、披薩邊、線圈、碎麵包和黃葉在鋼琴上一字排開的時候，突然就哭得稀裡嘩啦。生活不是一個目標，生活是每一分鐘。
102,我觉得这部电影在2020年底出现简直就像一颗充满力量的恒星，它闪耀着一种也许微弱的光，但却时刻告诉我们要充满希望的珍惜当下。人生的完满不在乎它高光时刻有多耀眼，而在于它每一分每一秒所散发的微弱的光；那些我们和家人的每一次欢笑，在街边吃到的美食每一次惊喜，哪怕在树下每一次被落叶敲中的平凡无奇...这些所有微光汇聚而成的人生，才是真正的人生，一个充满灵魂的人生。
103,近几年看过的迪士尼最佳，之前从未有过一部动漫作品教你“放下梦想，热爱生活”，梦想不是一切，每一个灵魂迷失的人也许都执迷于所谓目标而忘记了眼前的生活。也许正因为当下流行的各种正能量激励追梦少男少女的故事看多了，当银幕上突然出现这样一部冷静克制反套路的作品时，不由得拍案叫绝。2020奥斯卡动画长片是稳拿了，不过话说回来，执迷不悟的人实在太多了，似乎只有当一个人从死亡世界回来才能有所顿悟的话，是不是有些太迟了呢？活在当下，享受生活中的每一秒吧。共勉。
104,应该怎么表达内心的澎湃呢？这是一部献给抑郁症（活着没意思）和焦虑症（有明确目标地活着）的情歌，它告诉我们人生本没有任何意义，活着就是活着本身而已。联想到18年之前，我那么渴望成为一名导演，这种如此强烈的执念让我差点成为片中的怪物，直到1年后才发现记忆里最深的是去上海办展期间硬卧床上闪烁的阳光，和朋友们窝在宾馆看鬼片，为订的工作盒饭里太多肥肉而争吵……这些与目标毫不相关的碎片，恰恰就是影片里那半个甜甜圈，线圈，还有那片树莢。未来做不做导演，做不做电影，对我来说已经不再重要了，life goes and that matters
105,就还好吧。现在好莱坞电影，就没有不是套路的，这部也免不了，强行正能量。关键我这人天天就一身正能量，还对身边的人不断唠叨辐射，看了这种小儿科鸡汤动画，真的很难被打动呀。7分
106,主题大胆，视觉大胆，讲故事的方式也大胆。灵魂拷问不稀奇，稀奇的是全面创新。
107,一语双关的《Soul》本质上是在向渴望奇观发生的现代人贩卖奇观。在当下这个灵肉分离的时代，这种破《茧》成蝶般的成长体验既可以像真实可触的琴键那样具象，也可以如音乐灵感那般抽象。事实上，绝大多数人的灵魂都会随着死神的降临而彻底消失。如果你不想碌碌无为地过完这一生，那么就像男主角一样去寻找和探索自我吧。他之所以「死后」仍然拥有感知万物的灵魂是因为「死前」就已找到和证明了自我，为此，他的「放下」完全顺理成章合情合理。即便转世投胎成为阿猫阿狗也没脾气，事实上，不管变成什么模样他也都只能说愿意。而暂时陷进「迷失域」的人则需要导师的指引才能找到航向——灵肉统一地返回（家园）该去的领域。然而之后的「万物有灵论」则显示出创作者们一厢情愿的可爱了。试想，谁会指望拥有灵性的猫来教TA做个拥有独立思考能力的人呢？
108,任何追逐梦想的人都会恨有感触，这部作品试图回答终极问题“人为什么而活”。人生需要目的吗？活着需要梦想吗？拥有天赋是否意味着某种诅咒？李宗盛唱着“越过山丘却发现无人等候”，流川枫下雨中自言自语“赢了，赢了又怎么样呢？”……很难老少咸宜的动画，可以预见皮克斯在中国市场会继续遇冷。
109,Being alive means a lot.
110,2020看过的最震撼人心的动画片，为灾难年点燃了闪亮的火花。与其说是动画，更是一部面向每位成年人的电影，以幽默夸张的手法展开，涉及生与死的话题。尤其是对于在追逐梦想道路上的人而言是一种激励，对于无所事事、无求无欲的人而言更是一种“点亮”，什么才是人生的sparks?我的sparks就是art，包括动画片，从幼儿园起迪士尼动画片light my life，后来的皮克斯更是照亮了我的青春，从来不会令我失望，这部更是惊喜。泪点不断。人生是值得的。
111,一.2015年度最爱《头脑特工队》，2017年度最爱《寻梦环游记》，2020年度最爱《心灵奇旅》，皮克斯又一次凭实力牢牢占据我心中最爱的三维电脑动画工作室的地位。二.我所深爱的电影、音乐、动画、家人……是我生命活下去的动力，如此说来，他们也是我灵魂的火花。三.非英语片的《寄生虫》在今年同时获得奥斯卡最佳国际影片和最佳影片后，偏爱动画的我就开始期待哪天能有部动画电影同时夺得奥斯卡最佳动画长片与最佳影片的殊荣，而在《心灵奇旅》的影院观影过程中，这个想法不禁再次油然而生。四.《寻梦环游记》是人与狗，《心灵奇旅》则是人与猫。五.看到那只过街老鼠瞬间就联想起《料理鼠王》，而路边街景则唤起《怪兽电力公司》《大眼仔的新车》的记忆，学校教音乐→《摇滚校园》，爵士吧→《爱乐之城》，……，被心灵学院段落萌化，准备二刷、三刷……
112,皮克斯稳到可怕，继《寻梦环游记》的亡灵世界之后，又以绝妙的想象力营造出了一个奇幻的灵魂世界，概念与娱乐并驾齐驱。对人生的执着或是逃避都不是最重要的东西，体验平凡，认真去对待人生的每时每刻，这才是生命最完整的意义；是一次对追逐理想与回归平凡的双向成全，是对存在主义的探索与自证。几乎已无悬念锁定2020年度最佳，以及93届奥斯卡最佳动画长片。
113,带给我的感动没有头脑特工队那么强，但已经是十分优秀的动画片了。创意创意创意。
114,苏格拉底说，未经审视的人生不值得一过，只是多少人活到了头也没来得及咂摸一下自己的人生？成不成功没那么重要，重要的是活在当下的每一刻，看一片叶子落下，吃一颗棒棒糖，哪怕只是简单地走在路上，千万别为了寻找大海的目标，忘了早已身在大海的事实。生活不过是此时此地此身。
115,比想象力，皮克斯从没输过
116,我的命运已经被改变，所以没有共同语言
117,皮克斯掌握着全球最先进的动画技术，细节精致把控到分毫，拿出放大镜来观察也能禁得住考验。在掌握先进技术的同时，每次总能扣住温情的主题，带给忙碌生活的人们以抚慰。只是这次带给我的感动并没有相似题材的《意外的幸运签》多。
118,"为什么要思考意义是什么？
那灵魂被击穿的瞬间，落叶飘下的瞬间，jazz响起的瞬间，所有的一切不都是有意义的吗？响应体验派的号召吧。
我时常思考为什么我走路的时候会喜欢触碰事物，会对路上遇见的很多微不足道的事情好奇，以前我会觉得自己是多动症罢了，现在想起来，也许那刻我jazzy了吧！"
119,开头五分钟很常规，然后…然后…再然后…再然后…不断把人置于惊喜当中，在两种截然不同的美术风格之间不停跃动，创造出一种音乐性，也显示出皮克斯不竭的创造力和想象力。一个是需要目标的灵魂，一个是需要肉体的目标，二者相互扶助成全，某些瞬间还是蛮让人动容。黑人和女性地位凸显，但又没有太被强调出来，各方面平衡性做得很好。令人遗憾的是中段有点太碎，结尾又太圆满，既然成人路线都走成这样儿了，那就不如再干脆利落一点吧？（这个团队为啥对中阴那么感兴趣）
120,先不说把灵魂窄化成“知道自己人生的意义”有多低龄，就说灵魂这种又虚又大的概念，是靠何等的鬼扯才能搭建出一套完整又基本合乎逻辑的小宇宙。。。这和《头脑特工队》不一样，性格形成论这种东西，很容易理解并产生共情，可是说到灵魂，说白了，纯靠编了。
121,"
《平凡就是成功》，奥斯卡最佳动画长片已锁定，不是我立马跟他求婚。
"
122,看完这部肯定了：皮克斯的编剧绝壁是要求系统修习心理学的，他们最擅长的就是把已经老掉牙到往往令人们视而不见的常识转述成一个娓娓动听的童话。
123,Super freaking middle class though 😅
124,虚高：过于说教，皮克斯老想靠“哲理”取胜，小朋友不买账
125,赞美当下、肯定世俗生活、强调生命体验的重要性——同样以爵士乐为底，堪称是一剂针对《爆裂鼓手》以及将其中的成王败寇逻辑奉为圭臬的丛林法则崇拜者的药方，即使会被看作是鸡汤安慰剂，但内核仍然深得我心。把朴素哲学理念用华丽概念+通俗故事包装起来，再润物细无声地层层拆开，是皮克斯看家本领，对Pete Docter而言也是驾轻就熟了。画风创意无需更多赞美（纽约的现代艺术环境，的确适合线条风灵魂会计师一展身手），但此次对灵魂学院的宏大设定没有更多延展，更多集中在“讲道理”上。配乐又是 Trent Raznor & Atticus Ross，真爱了。
126,一首稻香足以概括，周杰伦牛逼。
127,"“灵魂是压不死的，只有生活才可以”。
院线经理们快醒醒，郭敬明们给你们下了什么迷魂药，为什么这么好的片子没有排片，却全排给了烂片。即使出了资源又怎样，这部电影是属于大银幕的。年度最佳动画长片！"
128,道理我都懂，可是这一年，我彻底失去了享受生活中的披萨、棒棒糖、阳光、音乐……的能力，姬友在旁边边看边哭，而我在最爱之一的影院里感受到的是难以挣脱的疲乏。
129,"心灵是在这个年代我们最需要找回的东西。

这是皮克斯近年来表达水准最高的电影，它在宏观与微观层面完美的表达令人惊叹。爵士是属于灵魂的音乐，皮克斯用这个点稳稳把握住了影片的节奏，将一个偌大的哲学命题用生活中最小的细节去阐述。最后那一段近乎满分的蒙太奇将情绪彻底释放，会感叹生活是多么的美好。

这样的视觉效果，这样的配乐级别，竟然只配在影院里每天仅排一场普通厅，这简直是对拥有灵魂电影的践踏，这反而也从侧面反映出了利益至上年代对灵魂的缺失。可能这话有些许的极端，但我真的认为这样的影片配得上更多的排片，需要让更多的人去看到。"
130,"再失落的人，看了这个片子也会继续热爱生活吧。
Monica:life is suck.you are gonna love it.


PS:天天说中国的动画或电影与西方的人落后程度，这个片子才是东方几千年都拍不出来的电影。从理念世界到精神分析到存在主义，西方哲学碰撞几百年，其实精神已经深刻的融入艺术作品中，甚至是像这种非常通俗流行的作品，但同时也是充满思辨的。
什么时候东方哲学才能用如此的形式重新出发呢。"
131,"从预告片放出来就开始期待，结果是，不负期待。
这部不像《寻梦环游记》那样走外在的温情路线，而是回到内心，去探讨一个略显严肃的问题：什么样的生活值得过？
当然整部电影还是非常轻松、愉悦的。
我喜欢它给的答案。
生命的火花并来自于梦想、爱好、自我实现这些必须要追寻的东西，而只是对于生活单纯地热爱。
没有什么是必须，存在先于本质，生活先于意义。"
132,如何过好平凡人生的每一天？对我来说：不把得来的一切看作理所当然，感受生活，敬畏生命，怀揣梦想，让内心充实……
133,动画电影居然都这么有深度！假如生命只有最后一天，还谈什么意义呢？眼前的一切尽是意义。
134,看到中间一度以为是又一部《头脑特工队》，后来发现高概念只是浅层外壳，里面包裹着一个“公路”类型片，大叔+萝莉的组合以一种意想不到的方式走了一趟“人生”之旅，困于梦想和现实夹缝中的人和困于“人间不值得”理论的人，最终都明白了人生的真谛在于感受而非目标和结果。影片的治愈性在于真实的共情而非空洞的励志，非常愉快的观影过程。心灵之旅同时也是灵魂音乐之旅，感受到美妙的律动。PS: 灵魂学院的Jerry老师们长得也太像Finder图标了吧
135,"二十二隐喻的是不是抑郁症病人啊，“什么都没意思，活着好无聊，我没有用，所有人都说我不够好，我就是做不到”。二十二拿到通行证的方式告诉我们，就上手速度而言，实操比理论快多了。哪怕你把把科目一题库刷爆，也不如直接握着方向盘去道上溜一圈。"
136,对我而言这只是没什么想象力满是说教的心灵鸡汤片。乔伊与22的关系没有形成强烈的互相作用力，更多的只让我感觉到乔伊单向的对22的影响和改变，乔伊与他母亲之间的矛盾属于在外，并且化解的过程也很简单，而他的内在的困境并不明显。整个故事走向很模式化，并且已经没有了皮克斯以往令人称道的想象力，甚至从头到尾满口的“爵士”到头来也没能让人感受到爵士乐的魅力。
137,尽管生活看起来很糟糕，但还是要热爱生活.......
138,都去看吧，一部能治愈你2020所有的不开心
139,庸俗。前半段好，热爱生活热爱当下需要这么绕的一个故事来表达吗？活着就是要有“火花”要有目标，如果只是享受食物、落叶、日常的小确幸是不够的，那是“社畜”的梦想。理想并不和小确幸冲突，只会让小确幸跟更充分，同时还享受自我实现、自我发展的大确幸。
140,对“执念太深所以迷失了与生活的联系”变成怪物这个设定非常能共情 问题是男主这种目标特别具体的奋斗逼才更容易变成怪物 同时男主这类人其实不太容易搞好爵士乐 搞搞古典或者金属速弹倒是挺合适 其他地方很流畅 最后一句台词出来之前我已经猜到了 一个字都不差 换我写这个主题 我大概会写男主逐渐领悟了教书的快乐 另外迷幻段落尺度也太大了吧
141,皮克斯八股文，没有一处情节超越常规，没有一处写作突破匠气，只是主题切中并安抚了当代人的处境焦虑，然而这个东西七十多年前在弗兰克卡普拉手里就已经被讲述得登峰造极了，也正是它的普世性让它在时代和地域的可流转下变得平庸，可惜的是这种平庸并不能跟电影歌颂平庸的主题相自洽。
142,"You only live once. Be not afraid, every tiny little moment of living will spark to fix you, echo to seize you. A perfectly gentle endnote for 2020. "
143,这两年的皮克斯已经沦为了甜蜜治愈的情感棉花糖，有一种90年代励志的光。但完全失去了inside out里bingbong消失时带给你仰面一拳泪如雨下的震撼感。我喜欢龇牙咧嘴却自恋的球球，也会被微小的细节打动。但很遗憾这个故事非要再给Joe一次机会，所以它没有更直接的把故事的核心说完：你用尽力气，放弃梦想，对爱有心无力，过不好平凡的一生。那也没什么。”
144,3D的观影太差了，带了3D眼镜亮度很低，把我都看睡着了，回头在家再看一次
145,“灵魂不会被压垮，压垮你的是生活。”出人头地并不是我们来到这世上唯一的意义，没有梦想的灵魂也是独一无二的。人生哪有那么多的大道理，去感受世间的一切就够了，每一个平凡的灵魂都是闪闪发光的。
146,电影后半段我几乎是情绪失控的，哭得不能自已。忘我空间里那些吞没小人的黑色粉末很像抑郁情绪的具象化，不是每个人都能像22那么幸运有男主去把她拉出泥潭，但电影还是很有启示意义的，能平凡的活着，享受当下的每个看似不起眼的瞬间，就已经很厉害啦
147,3.5 缺点是构建的很知性决定论，可但是，再来一次的机会简直就是道德自然美对生活愿景的完满完美构建， 没有啥能比这个在这样一个糟心的年景里更让人宽慰的了，此鸡汤浓厚醇香，要干！况且，好莱坞里皮克斯造的梦中梦就是有这种让人敞开胸怀的属性，Soul灵魂、灵魂乐、心灵、梦想、感受等等参差多义的多重所指，在某些方面就是能落实到使人落泪的现实意义，年度温暖！=￣ω￣= ！
148,感觉心灵之旅的编剧团队集体练习过正念，“觉察当下”、“扩大感官范围”、“不因焦虑和压力失去对真实生活的感知”。硅谷的流行文化里果然有meditation 一席之地。
149,抽象的概念化解为通俗的符号向来是皮克斯的强项，对个体灵魂存在的认可、对寻找生活意义的缜密捕捉很精确，在主角演奏成功后，还能继续延伸主题解释了皮克斯一直所向披靡的原因。但更有趣的是，在现实部分那接近于真人电影的镜头和质感都在愈加拉近动画与真人的隔阂，动画也能够开始用高昂的预算去还原生活的触感。
150,看完这部电影，你不但可能会爱上爵士，更重要的，是可能重新爱上生活。还好我不用先死一次就已经懂得珍惜现在的一切～
151,拥抱平凡，快乐生活。这碗鸡汤我喝了毫无感觉。
152,看到最后22跳伞的时候地图好像是我国……………………急死我了，在电影院脱口而出：快逃！
153,全年最好的电影在年尾最后的这个时刻才上映，也算是惊喜了。
154,一部有着哲学高度的电影。
155,"——🍅97%🍿️91%——可以有目标，但是没必要。
❶ 以“SOUL”的名字呼唤爵士。
❷原名“生之来处”的心灵学院（不改名，非“学院”）教你做人。实际，即使林肯、甘地、特蕾莎等人也无权评判你。
❸这边的人设可盐可甜，那边的灵魂可男可女。
❹不识海洋真面目，只缘身在此水中——“火花”不是人生目标，想生活的那一刻就是生命的火花。迷失与忘我，执念之差。皮克斯解构“丧文化”，摘除当代社畜的金箍。反追梦、反宏大、反焦虑。
❺拜登胜选，徒留“海宝”（黛瑞）在奥巴马心爱的《心灵奇旅》里操着一口“川普”自卖自夸；二十二降生在中国？迪士尼驻华有希望。"
156,80/100，尽管仍是Pixar那单一的倚靠概念的直陈式观念输出，但却消弭了以往人物间明晰的对抗关系。仅凭借对世界维度的延展与物质经验的引申，还是唤起了感官深处的微妙心弦。形而上的存在主义思考被有条不紊的安置于充满音乐性的礼赞的语义，这是生活的奇迹，或奇迹的生活。
157,跟《Inside Out》真是异曲同工的巧思和感动，结尾推高潮有点后继乏力，但全片仍然是笑中带泪发人深省。结尾彩蛋 Terry 说电影结束了叫大家回家有点心酸，毕竟许多观众们今年都说在家里看的。
158,一个心怀梦想不肯去死的乐手，一个拒绝出生气死无数导师的婴灵，难为编剧团队想出这么棒的人物组合，化和出种种爆棚笑料。把“出神”具象化为灵界一处无法之地也是神来之笔。可惜的是比同样探讨人内心和灵魂的《头脑特工队》和《寻梦环游记》少了些奇观段落，对生死的严肃思考降格成了“以梦想还是感受定义自我？”的身份问题。如果把22号爱上人生的过程以佛教六根六尘一十八境的方式展现出来就好了，可惜推崇热闹动感的美国动画显然不会走那条路。
159,主题就是今年我大彻大悟的“珍惜当下”，很浅显的道理都放在电影表面，不需要多思考，也算是一种排遣。做人好难的，希望二十二能在地球过的开心（飞奔向地球那点还是让人很感动的～
160,故事偏套路制式，想象力创造力的亮点不够（可能只有出神的世界），点燃不了我熄灭已久的火花。
161,冷漠脸看完，珍惜每一刻这种事还需要费这么大一圈力气讲吗？
162,这个片子这么有共鸣的原因 是因为电影用非常巧妙的方式告诉我们：大家都是普通人，没有什么必须要找的生命的意义，我们在水里面，还要找什么海洋呢？
163,二十二号最后应该是变成了丁真…
164,留待2020最末上映简直再合适不过了，生死边界的《寻梦环游》加上活在当下的普世劝诫，不仅起到疗愈效果，更告诫观众，即便2020年又是未来10年最好一年，也别悲观或执着，过一天算一天，感受温度触摸落叶打开耳目吧。这个劝诫，也像观影过程一样，全场观众不吭一声，在黑暗里，耐心等待着漫长的结尾字幕后出现一个交待”22“在人间的菜单，结果灵界那个算盘判官跳出来，”快回家吧，电影结束了“。是的，别执念，很多时候，可能什么都等不来。
165,"是啊，为什么非要有什么明确的目标，非要找到自己最擅长的那件事呢？好好活着，即使什么都没有，也还是可以畅快地呼吸，可以且听风吟，可以面朝大海。感觉受到了强烈的被理解和被接受，感动哭。皮克斯的人都是哲学家心理学家社会学家吧~感谢所有点亮生命的电影。感谢说“芝士只是点亮世界的灵光”这句话的梁文道。"
166,人生的意义是享受一块pepperoni披萨，是躺在排风扇上感受被风吹起来的滋味，是和理发师谈人生，是让妈妈理解自己的决定，是走在路上，是仰望星空。那些just regular old living才是人生无穷无尽的sparks啊，平庸的人生也是传奇！ps：感谢皮克斯在操蛋的2020年末提醒我们生活里那些琐碎的细枝末节才是活着的意义，感恩！
167,四星打给生死界设定、灵魂离体的嬉皮士们、泛柔光的纽约和爵士。如果是疫情之前看到这部片的话我应该会大受感动，但现在的我好像已经无法被本片描绘的那种有些轻飘飘的“being alive”状态打动。落叶，披萨，风，都很美也很好，但它们或许只能成为像22那样还未出生、所有感官都还新鲜蓬勃的灵魂向往生活的理由。由Joe这样一个既拥有天赋又得到机遇、最终还能破格死而复生的主角来表达“没有目标也很好”也挺拧巴，我不想让皮克斯这一群创意行业顶尖天才们来安慰我享受平凡，我更关心想当兽医的理发师。
168,万象城百丽宫3厅。外企正念课程既视感，似是而非的概念混杂（二元论，量子空间，性格配方，冥想/心流），为社畜提供一些似是而非的therapies，比如观看基金经理砸电脑。积极心理的疗愈，最终都要返回自然主义的情境，但叙事和拟像的工业，恰恰是对自然的exploit，说到底，用银幕来安慰，还是娱乐。同样是灵魂的“活在此刻”，我选择2014年的黑镜圣诞篇。
169,有一些微小瑕疵但整体画风和故事太神了，这么烂俗的内核被各种巧妙的设置包裹到像一块软绵绵的慕斯蛋糕（加布丁🍮和草莓🍓的那种），顺口顺喉，太适合冬季了👀
170,提醒了我，寻梦环游记是皮克斯最糟糕的电影，没有之一
171,已经有段时间没在皮克斯片子中感受到这种自然流动感了
172,四星半。彼得·道格特的编导能力已经甩开绝大多数导演狠狠一截，当新意成为了潜意识，哪会有枯萎可言。在三维空间盘剥心态的线性计量，拓宽的是人生的疆界，坐实的注定是灵魂的4/4拍真我。
173,迪士尼对「人生的意义」的解答。所谓人生的意义，就在这途中的每分每秒里。生而为人，真的太好了。
174,写作策略大幅转变。情节在恒定的简单动力驱使之下于各个关联性不强的局部小剧场之间游荡，不再有伏笔的穿针引线，文本的紧实感被削弱。是最不算计的皮克斯，但也未必就一定是最真诚的，毕竟缺少深层结构编织的牵引和掩护后，人物弧光的拐点难免突兀。但将从前凝聚在一个或数个明确节点的情绪稀释并注入整个后半段，仍是值得鼓励的尝试，可以类比伊斯特伍德电影从90s到10s的演进。同时，部分段落的视听（如总是与Terry形象同时出现的电子乐伴奏、生命尽头黑暗宇宙中的灵魂出窍）是强大而纯净的，这在一众商业CGI动画（包括皮克斯此前作品）为讨好低年龄层观众而铺排的塑料奇观中是相当特别的。彼得·道格特应当是皮克斯的作者中最值得期待的一位。
175,献给社畜的一曲挽歌，没有目标的22，偶然发现了活着就是目标；有目标的乔伊，却在梦想实现后失去了目标。面对司空见惯的日子有的人厌世，有的人则乐在其中，终究而言，把自己的人生过好，就是活着的意义。皮克斯是真的厉害，本片与《头脑特工队》《寻梦环游记》可以并称为“人生三部曲”，都是有故事的人才能懂的成年向动画。PS，杰瑞长得像mac里的Finder图标
176,看22最后的去向，似乎是降落到了…非洲？？想象一下满怀对披萨、理发店、棒棒糖和落叶的憧憬来到地球，最后出生在部落舞、病毒、野兽、叛军和政变频繁的国度，22投胎成功之后不知道会不会意识到灵魂学院其实是多么灯塔国的一家之言。
177,自我否认和和自我沉迷都会沉入混沌的深渊，对某一领域的热爱和成就不是生命唯一的火花。什么样的人生是有意义的人生?不论是林肯还是阿里，我们似乎默认了那些功成名就的人以及他们的人生是有意义的，却很难发现你我就是秋色里的一片落叶、 理发店里的棒棒糖，也许并不宏大，但是本身就有意义。年度最爱
178,我们向往星辰大海，又困在无边无际黑黢黢的海水中，太多人窥见了生活的真相，却忘了火花点亮的瞬间有多迷人。Joe和22未能再相遇，所有人都希望他们再相遇，但遇到一次还不够吗，足够了。一定要去电影院看这部片子啊，尤其是在经历了如此糟糕的2020之后。音乐好听，视觉也赞，想象力惊叹，疗愈力更是爆棚，关键还很好笑，简直是收到了一份意外的圣诞礼物！
179,9.0 本以为设定和《inside out》相似，结果重点不是所谓的灵魂世界，那个不重要，活着才是重要的，这也是今年疫情之后最需要的电影。开头那场刺激的坠入以及各种奇妙幻想的瞬间，让你感觉活着真好，《soul》做到了《inside out》没有做到的互动。
180,非音乐性地指向音乐性。于我于世都太妙啦。和《头脑特工队》《寻梦环游记》是同一部电影。其实都是杰瑞。
181,人家怎么能把一个内核如此简单的故事用这样一种意想不到的方式讲述出来呢？全篇没有硬灌鸡汤、硬上价值观，但我想大部分人可能都记住了那个飞翔而下的翅果、亦或者是那个身在水中却畅想深海的小鱼。同时回想一下自己普通而平凡的生活，没有火花，但不乏确幸。
182,动画版《柏林苍穹下》。我喜欢那些在灰烬之海里独自消沉的怪物们。
183,期盼了一年 终于拔草了！！！！！！
184,#江湖观影团#《心灵奇旅》的创作者是不是罗曼·罗兰的粉丝？全片浸透着认清生活的真相后依然热爱生活这个道理。人生的意义是享受每一个当下，另外灵魂世界的工作人员都像毕加索的画风，很有意思。
185,皮克斯年度治愈之作。不是每个人都有宏大的理想，对生活的热情和生活中的点滴美好才是支撑我们活下去的力量。它可以是一块美味的披萨，一段美妙动人的街头卖艺，一次和理发师的愉快对话。愿你像刚出生一样活着，对世界永远充满好奇心，善于发现生活中的美。愿每一个迷失的灵魂都能找到归途。
186,太好了。非常巧妙地回答了「人为什么活着」这个略显俗气的问题，答案可能在一首歌里、一块披萨里，甚至一片落叶里。真的很适合在年终岁尾上线，可以加到节日常驻片单里。
187,暂时不写，也写不出来，但迫不及待要表明心情和态度，留住并享受这一刻。
188,排片太少啦！！！！
189,每一个打工人都应该看看。我喝奶茶，我吃火锅，我同爱人亲吻，我感受每一阵风拂过脸庞，我看《心灵奇旅》落泪，都是永恒的一瞬间。
190,你不必成为有用的人 也不用成为他人眼中期盼的人 你只要成为自己想成为的人就行了（又为自己的咸鱼找到了借口 emmm）
191,"秋风瑟瑟，落叶归根。一种空灵的、闲适的、轻愉的触动油然而生，于眼眶里冲兑了点滴盐水，在胸口间悄悄填满了通行证。那就是生活的感觉，生命享受活着的感觉。
（没想到迪士尼这次会致敬毕加索，这是动画人的 Spark 吗？）"
192,无声爆哭，是纽约啊
193,"应该是《头脑特工队》之后看过最好的动画片，差点因为这个无语的译名错过。对于人生本质的思考和呈现别说动画片了，即便真人电影也没几个比这个展现得透彻。
更巧的是电影主角也叫Joey，也贼喜欢音乐，前期和后期对生活的态度和感悟也都跟我一毛一样，要不要这么巧，完全像是在拍我本人好吗！！！
推荐所有热爱音乐🎶，热爱or不热爱生活，对生命希望or绝望的人，活不明白的人把你去看《晴雅集》的票钱省下来，都去看这部电影，这才是真正值得你花2小时间坐在电影院观看的好片！！！
PS:电影播完，字幕上来，一看配乐是我大Trent Reznor，难怪全程音乐都这么牛逼！"
194,真正杰出的电影仿佛是一道时空门，当你走出影院时，感觉就不再是走进影院的那同一个人了。它不见得能教会你什么新的东西，但它一定会带你去感受一些你已经做好准备要接受的东西。这部电影做到了。虽然老实讲，在离开影院后，这种感受还是免不了会被真实的生活逐渐吞没。但没关系，因为“A spark isn't a soul's purpose”。带着这些火花继续前行就好，正如另一句台词所说：“I’ll go with you…as far as I can.”
195,把拥有完整人格当成目标这件事，比起有钱或某种世俗的目标来起来难多了。
196,没有火花也要认真地生活呀 555
197,近几年一直对皮克斯往极度现实化的美学（科技）发展毫无感觉，但在这部中它带回了一些被遗忘的东西：首先是“传送门”（剪辑），一直会需要门，透过门去看到一些东西，通过穿过一扇门，影片朝着最抽象的地方去绕了一圈来试图带回我们的感官；还稍稍带回了的是“仓库”的概念，通过彻底的物化来发现一些差异，可惜这个影像被整体的概念化一股脑地拍扁成了点线面，想想当年《玩具》中无限复制的巴斯光年包装盒是多么老辣。
198,是我理想中的皮克斯该有的样子。整部片子就像爬楼梯，一层一层地塞给我新的价值观，却完全不让我厌烦。男主过完他本以为生命中最重要的一天以后的感受也是我的经验，而我还在继续摸索的路上。
199,抽象的灵魂被皮克斯拍得生动有趣，且充满哲学意味，相信每个年龄段的观众都能从中找到属于自己的那份感动。这是一部能让人学会感受生命的电影，比简单灌输梦想那一套更震撼人心。这种感受生命与追逐梦想并不对立，而是以一种积极的姿态认清自己、把握当下，过好自己的人生。这样的主题很有必要，也能引起成年人的共鸣。大部分人的一生注定平庸，对于平常人来说，看到的美景、品味的美食、人与人之间的亲情友情才是能够时刻把握的。片中有很多场景，会让人觉得，放在时间的长河和浩瀚的宇宙下，人类根本不算什么，人平庸或是伟大的一生更是虚无渺小，《心灵奇旅》能让观影者思考人存在和活着的意义，也能给很多成年人心灵上的慰藉，找到此刻属于自己的“火花”。
